t_sec,POM_5V_IN_mW,POM_5V_GPU_mW,POM_5V_CPU_mW,total_mW
0.006,2889,40,1201,2889
0.112,3049,40,1482,3049
0.218,4193,39,2551,4193
0.323,4385,39,2791,4385
0.428,4385,0,2791,4385
0.534,4385,0,2830,4385
0.639,4385,0,2830,4385
0.745,3285,0,1682,3285
0.851,2572,0,1043,2572
0.957,2491,0,963,2491
1.063,2648,0,1203,2648
1.168,4033,0,2511,4033
1.275,4226,0,2671,4226
1.381,4266,0,2711,4266
1.486,4266,0,2711,4266
1.592,4266,0,2711,4266
1.697,4266,0,2671,4266
1.805,4266,0,2671,4266
1.911,4313,0,2711,4313
2.016,4266,0,2671,4266
2.122,4266,0,2711,4266
2.227,4266,0,2631,4266
2.333,4273,0,2671,4273
2.438,4273,0,2671,4273
2.544,4273,0,2671,4273
2.649,4273,39,2631,4273
2.754,4425,39,2751,4425
2.860,4704,79,2945,4704
2.965,4776,79,2985,4776
3.071,4625,79,2905,4625
3.176,4306,79,2631,4306
3.282,4545,79,2746,4545
3.387,4465,79,2706,4465
3.493,4425,119,2711,4425
3.598,4425,79,2711,4425
3.704,4425,79,2667,4425
3.810,4505,79,2746,4505
3.915,4425,79,2706,4425
4.021,4465,79,2667,4465
4.126,4545,79,2746,4545
4.232,4465,79,2706,4465
4.337,4465,79,2706,4465
4.443,4465,79,2746,4465
4.548,4306,79,2631,4306
4.654,4505,79,2786,4505
4.760,4425,79,2746,4425
4.865,4385,79,2671,4385
4.971,4545,39,2826,4545
5.076,4465,79,2706,4465
5.182,4425,79,2706,4425
5.287,4385,79,2671,4385
5.393,4465,39,2786,4465
5.498,4385,79,2711,4385
5.604,4385,79,2711,4385
5.710,4425,79,2706,4425
5.815,4425,39,2746,4425
5.921,4465,79,2706,4465
6.027,4425,79,2706,4425
6.133,4385,79,2671,4385
6.238,4465,39,2746,4465
6.344,4425,79,2706,4425
6.450,4346,79,2711,4346
6.555,4465,39,2786,4465
6.663,4346,79,2671,4346
6.768,4385,79,2711,4385
6.874,4385,79,2711,4385
6.979,4425,79,2706,4425
7.085,4465,79,2746,4465
7.191,4505,39,2706,4505
7.296,4625,39,2945,4625
7.402,4545,39,2746,4545
7.507,4505,39,2826,4505
7.614,4306,79,2631,4306
7.719,4273,79,2591,4273
7.825,4385,79,2671,4385
7.931,4425,79,2711,4425
8.036,4385,79,2711,4385
8.142,4385,79,2671,4385
8.248,4385,79,2711,4385
8.354,4425,79,2667,4425
8.460,4425,79,2711,4425
8.565,4385,79,2671,4385
8.671,4385,79,2671,4385
8.777,4425,79,2706,4425
8.882,4425,79,2711,4425
8.988,4385,79,2711,4385
9.094,4385,79,2671,4385
9.200,4545,39,2826,4545
9.306,4385,79,2671,4385
9.419,4505,39,2826,4505
9.525,4585,39,2826,4585
9.647,4465,39,2706,4465
9.752,4665,39,2985,4665
9.858,4425,79,2706,4425
9.964,4346,79,2631,4346
10.069,4465,79,2746,4465
10.175,4425,79,2671,4425
10.281,4425,79,2671,4425
10.386,4385,39,2671,4385
10.493,4385,79,2711,4385
10.599,4346,119,2631,4346
10.704,4193,79,2432,4193
10.810,4153,79,2352,4153
10.916,4346,79,2631,4346
11.021,4306,79,2591,4306
11.127,4425,39,2746,4425
11.246,4346,79,2671,4346
11.352,4346,79,2671,4346
11.458,4266,79,2551,4266
11.563,4346,79,2631,4346
11.669,4385,79,2671,4385
11.775,4346,79,2671,4346
11.886,4346,79,2671,4346
11.992,4346,79,2671,4346
12.097,4425,79,2706,4425
12.203,4346,79,2671,4346
12.324,4425,79,2711,4425
12.430,4346,79,2671,4346
12.536,4465,39,2746,4465
12.642,4465,39,2746,4465
12.749,4385,79,2667,4385
12.854,4465,119,2587,4465
12.963,4545,279,2587,4545
13.069,4346,159,2551,4346
13.176,4585,318,2587,4585
13.283,4385,199,2591,4385
13.390,4585,318,2587,4585
13.497,4425,199,2591,4425
13.603,4625,358,2587,4625
13.710,4385,239,2591,4385
13.816,4585,318,2587,4585
13.923,4385,199,2591,4385
14.029,4505,279,2587,4505
14.136,4545,239,2627,4545
14.242,4385,199,2591,4385
14.348,4625,318,2587,4625
14.455,4465,239,2587,4465
14.561,4585,318,2587,4585
14.667,4385,199,2591,4385
14.774,4545,279,2587,4545
14.880,4505,239,2587,4505
14.987,4385,199,2591,4385
15.093,3640,360,1600,3640
15.198,3049,200,1241,3049
15.305,3084,280,1161,3084
15.411,2929,200,1161,2929
15.516,3044,320,1081,3044
15.622,2849,200,1081,2849
15.728,3044,360,1041,3044
15.833,2889,240,1081,2889
15.939,3044,320,1081,3044
16.045,2889,200,1121,2889
16.151,3004,280,1081,3004
16.256,2929,240,1081,2929
16.362,2808,200,1083,2808
16.468,3009,320,1041,3009
16.574,2849,200,1083,2849
16.679,3124,360,1121,3124
16.785,3009,200,1241,3009
16.891,3124,320,1201,3124
16.996,3044,240,1201,3044
17.102,3084,280,1201,3084
17.207,3165,320,1201,3165
17.313,3009,200,1201,3009
17.419,3165,360,1161,3165
17.524,3049,240,1241,3049
17.630,3205,360,1161,3205
17.736,3009,240,1201,3009
17.842,3165,320,1161,3165
17.948,3009,200,1241,3009
18.054,3084,280,1201,3084
18.160,3205,400,1160,3205
18.265,3124,240,1241,3124
18.372,3165,320,1161,3165
18.478,3084,280,1241,3084
18.583,3245,360,1240,3245
18.689,3089,240,1201,3089
18.795,3205,360,1161,3205
18.900,3009,240,1241,3009
19.006,3124,320,1201,3124
19.112,2969,200,1201,2969
19.218,3089,240,1201,3089
19.324,3245,400,1201,3245
19.429,3049,240,1201,3049
19.535,3165,360,1161,3165
19.641,3049,240,1201,3049
19.747,3165,360,1161,3165
19.853,3009,200,1241,3009
19.959,3165,360,1161,3165
20.065,3009,200,1241,3009
20.171,3049,240,1201,3049
20.277,3165,320,1201,3165
20.382,3009,200,1201,3009
20.488,3205,400,1161,3205
20.594,3044,240,1201,3044
20.699,3205,360,1161,3205
20.805,3009,240,1241,3009
20.911,3165,320,1161,3165
21.017,3009,200,1241,3009
21.123,3124,280,1201,3124
21.228,3165,320,1201,3165
21.334,3009,240,1201,3009
21.439,3165,320,1201,3165
21.545,3089,240,1201,3089
21.651,3205,360,1161,3205
21.756,3049,240,1241,3049
21.862,3205,360,1161,3205
21.968,3009,200,1241,3009
22.073,3124,280,1241,3124
22.179,3165,360,1201,3165
22.285,3084,240,1241,3084
22.390,3165,320,1201,3165
22.496,3084,280,1201,3084
22.602,3205,360,1161,3205
22.708,3124,240,1282,3124
22.814,3245,360,1161,3245
22.920,3084,200,1282,3084
23.025,3165,320,1201,3165
23.131,3009,240,1201,3009
23.237,3084,240,1201,3084
23.342,3325,400,1240,3325
23.449,3049,240,1241,3049
23.554,3165,320,1161,3165
23.660,3044,240,1201,3044
23.766,3205,360,1161,3205
23.871,3009,240,1241,3009
23.977,3165,360,1161,3165
24.083,3009,200,1241,3009
24.189,3089,280,1201,3089
24.295,3165,320,1201,3165
24.400,3049,200,1241,3049
24.506,3245,400,1201,3245
24.612,3084,240,1201,3084
24.717,3165,360,1161,3165
24.823,3009,200,1241,3009
24.929,3165,320,1201,3165
25.034,3009,200,1241,3009
25.140,3084,280,1201,3084
25.246,3165,320,1201,3165
25.352,3049,240,1201,3049
25.458,3165,360,1161,3165
25.564,3044,240,1201,3044
25.669,3205,360,1161,3205
25.775,3049,240,1201,3049
25.881,3165,320,1161,3165
25.986,3009,200,1241,3009
26.092,3084,280,1201,3084
26.198,3205,400,1201,3205
26.304,3049,240,1241,3049
26.409,3165,360,1201,3165
26.515,3084,240,1241,3084
26.620,3205,360,1201,3205
26.726,3049,240,1241,3049
26.832,3205,360,1201,3205
26.937,3009,200,1241,3009
27.043,3084,280,1201,3084
27.149,3165,320,1201,3165
27.255,3044,240,1241,3044
27.360,3245,360,1160,3245
27.467,3245,280,1322,3245
27.573,3165,360,1161,3165
27.679,3084,240,1241,3084
27.785,3165,360,1121,3165
27.892,3009,200,1201,3009
27.999,3124,320,1161,3124
28.106,3084,320,1161,3084
28.212,3009,240,1201,3009
28.318,3124,360,1161,3124
28.423,3009,280,1161,3009
28.529,3165,400,1121,3165
28.636,3009,240,1201,3009
28.743,3165,360,1161,3165
28.850,2969,200,1201,2969
28.956,3089,280,1161,3089
29.063,3165,400,1160,3165
29.170,3009,240,1201,3009
29.276,3165,360,1161,3165
29.383,3044,240,1201,3044
29.489,3165,360,1161,3165
29.594,3009,240,1201,3009
29.701,3165,360,1161,3165
29.808,2969,200,1201,2969
29.913,3084,280,1201,3084
30.018,3285,320,1280,3285
30.124,3049,240,1201,3049
30.229,3245,400,1161,3245
30.335,3084,280,1201,3084
30.441,3165,360,1161,3165
30.546,3084,240,1241,3084
30.652,3205,360,1161,3205
30.759,3009,200,1201,3009
30.866,3124,320,1161,3124
30.971,3089,320,1161,3089
31.077,3009,240,1201,3009
31.182,3124,320,1161,3124
31.288,3009,280,1161,3009
31.393,3205,400,1161,3205
31.499,3009,240,1201,3009
31.605,3165,360,1161,3165
31.711,3009,200,1201,3009
31.816,3084,280,1161,3084
31.922,3084,320,1161,3084
32.028,3049,240,1201,3049
32.134,3124,320,1121,3124
32.240,3009,280,1201,3009
32.346,3165,360,1161,3165
32.452,3009,240,1201,3009
32.558,2688,160,842,2688
32.665,2572,80,802,2572
32.771,2532,40,762,2532
32.878,2532,40,842,2532
32.985,2491,40,844,2491
33.091,2572,0,1003,2572
33.197,2652,0,1083,2652
33.304,2652,40,1003,2652
33.410,2728,40,882,2728
